Code,Stock,Company,Market Type,Shariah,Sector
03041,1TECH,ONETECH SOLUTIONS HOLDINGS BERHAD,LEAP,NS,Software 
0012,3A,THREE-A RESOURCES BERHAD,MAIN,S,Food & Beverages 
7054,AASIA,ASTRAL ASIA BERHAD,MAIN,S,Plantation
5238,AAX,AIRASIA X BERHAD,MAIN,S,"Travel, Leisure & Hospitality "
0800EA,ABFMY1,ABF MALAYSIA BOND INDEX FUND,ETF,NS,Bond Fund
7086,ABLEGRP,ABLEGROUP BERHAD,MAIN,S,Building Materials
2488,ABMB,ALLIANCE BANK MALAYSIA BERHAD,MAIN,NS,Banking
03028,ACEINNO,ACE INNOVATE ASIA BERHAD,LEAP,NS,Metals
7131,ACME,ACME HOLDINGS BERHAD,MAIN,S,Property
0218,ACO,ACO GROUP BERHAD,ACE,S,Industrial Services
7120,ACOSTEC,ACOUSTECH BERHAD,MAIN,S,Property
5281,ADVCON,ADVANCECON HOLDINGS BERHAD,MAIN,S,Construction
7191,ADVENTA,ADVENTA BERHAD,MAIN,S,Health Care Equipment & Services
9148,ADVPKG,ADVANCED PACKAGING TECHNOLOGY (M) BHD,MAIN,S,Packaging Materials
7146,AEM,AE MULTI HOLDINGS BERHAD,MAIN,S,"Industrial Materials, Components & Equipment "
0181,AEMULUS,AEMULUS HOLDINGS BERHAD,ACE,S,Technology Equipment
6599,AEON,AEON CO. (M) BHD,MAIN,S,Retailers
5139,AEONCR,AEON CREDIT SERVICE (M) BERHAD,MAIN,NS,Other Financials
5185,AFFIN,AFFIN BANK BERHAD,MAIN,NS,Banking
5198,AFUJIYA,ABM FUJIYA BERHAD,MAIN,S,Auto Parts
7145,AGES,AGESON BERHAD,MAIN,S,Construction
7315,AHB,AHB HOLDINGS BERHAD,MAIN,S,Consumer Services
7090,AHEALTH,APEX HEALTHCARE BERHAD,MAIN,S,Pharmaceuticals
0122,AIM,ADVANCE INFORMATION MARKETING BERHAD,ACE,NS,Industrial Services
0209,AIMFLEX,AIMFLEX BERHAD,ACE,S,Technology Equipment
5099,AIRASIA,AIRASIA GROUP BERHAD,MAIN,S,"Travel, Leisure & Hospitality "
5014,AIRPORT,MALAYSIA AIRPORTS HOLDINGS BERHAD,MAIN,NS,Transportation & Logistics Services
2658,AJI,AJINOMOTO (MALAYSIA) BERHAD,MAIN,S,Food & Beverages
7609,AJIYA,AJIYA BERHAD,MAIN,S,Building Materials
5115,ALAM,ALAM MARITIM RESOURCES BERHAD,MAIN,S,"Energy Infrastructure, Equipment & Services "
5116,ALAQAR,AL-`AQAR HEALTHCARE REIT,MAIN,S,Real Estate Investment Trusts
2674,ALCOM,ALCOM GROUP BERHAD,MAIN,NS,Metals
1163,ALLIANZ,ALLIANZ MALAYSIA BERHAD,MAIN,NS,Insurance
5269,ALSREIT,AL-SALAM REAL ESTATE INVESTMENT TRUST,MAIN,S,Real Estate Investment Trusts
1015,AMBANK,AMMB HOLDINGS BERHAD,MAIN,NS,Banking
5293,AME,AME ELITE CONSORTIUM BERHAD,MAIN,S,Construction
0159,AMEDIA,ASIA MEDIA GROUP BERHAD,MAIN,S,Media
5120,AMFIRST,AMFIRST REAL ESTATE INVESTMENT TRUST,MAIN,NS,Real Estate Investment Trusts
03011,AMLEX,AMLEX HOLDINGS BERHAD,LEAP,S,Semiconductors
1007,AMPROP,AMCORP PROPERTIES BERHAD,MAIN,S,Property
7031,AMTEL,AMTEL HOLDINGS BERHAD,MAIN,NS,Telecommunications Equipment
6351,AMWAY,AMWAY (MALAYSIA) HOLDINGS BERHAD,MAIN,S,Retailers
7083,ANALABS,ANALABS RESOURCES BERHAD,MAIN,NS,Industrial Services
4758,ANCOM,ANCOM BERHAD,MAIN,S,Chemicals
0048,ANCOMLB,ANCOM LOGISTICS BERHAD,ACE,S,Transportation & Logistics Services
0226,ANEKA,ANEKA JARINGAN HOLDINGS BERHAD,ACE,S,Construction
6556,ANNJOO,ANN JOO RESOURCES BERHAD,MAIN,S,Metals
5082,ANNUM,ANNUM BERHAD,MAIN,S,Wood & Wood Products
9342,ANZO,ANZO HOLDINGS BERHAD,MAIN,NS,Wood & Wood Products
5568,APB,APB RESOURCES BERHAD,MAIN,S,Industrial Engineering
5088,APEX,APEX EQUITY HOLDINGS BERHAD,MAIN,NS,Other Financials
5015,APM,APM AUTOMOTIVE HOLDINGS BERHAD,MAIN,S,Auto Parts
6432,APOLLO,APOLLO FOOD HOLDINGS BERHAD,MAIN,S,Food & Beverages
0119,APPASIA,APPASIA BERHAD,ACE,S,Software
7214,ARANK,A-RANK BERHAD,MAIN,NS,Metals
7181,ARBB,ARB BERHAD,MAIN,S,Software
7007,ARK,ARK RESOURCES HOLDINGS BERHAD,MAIN,S,Property
5210,ARMADA,BUMI ARMADA BERHAD,MAIN,NS,"Energy Infrastructure, Equipment & Services "
5127,ARREIT,AMANAHRAYA REAL ESTATE INVESTMENT TRUST,MAIN,NS,Real Estate Investment Trusts
0038,ARTRONIQ,ARTRONIQ BERHAD,ACE,S,Chemicals
1481,ASB,ADVANCE SYNERGY BERHAD,MAIN,S,"Travel, Leisure & Hospitality "
0068,ASDION,ASDION BERHAD,ACE,S,Software
7722,ASIABRN,ASIA BRANDS BERHAD,MAIN,S,Personal Goods
7129,ASIAFLE,ASIA FILE CORPORATION BHD,MAIN,S,Consumer Services
4057,ASIAPAC,ASIAN PAC HOLDINGS BERHAD,MAIN,S,Property
0105,ASIAPLY,ASIA POLY HOLDINGS BERHAD,ACE,S,Chemicals
7162,ASTINO,ASTINO BERHAD,MAIN,S,Building Materials
03032,ASTRA,ASTRAMINA GROUP BERHAD,LEAP,NS,Food & Beverages
6399,ASTRO,ASTRO MALAYSIA HOLDINGS BERHAD,MAIN,NS,Media
0072,AT,AT SYSTEMATIZATION BERHAD,ACE,S,"Industrial Materials, Components & Equipment "
8176,ATAIMS,ATA IMS BERHAD,MAIN,S,"Industrial Materials, Components & Equipment "
7048,ATLAN,ATLAN HOLDINGS BHD.,MAIN,NS,Retailers
5130,ATRIUM,ATRIUM REAL ESTATE INVESTMENT TRUST,MAIN,NS,Real Estate Investment Trusts
7099,ATTA,ATTA GLOBAL GROUP BERHAD,MAIN,S,Metals
03037,AURORA,AURORA ITALIA INTERNATIONAL BERHAD,LEAP,NS,Personal Goods
8885,AVI,AVILLION BERHAD,MAIN,S,"Travel, Leisure & Hospitality "
5204,AWANTEC,AWANBIRU TECHNOLOGY BERHAD,MAIN,S,Digital Services
7579,AWC,AWC BERHAD,MAIN,S,Industrial Services
6888,AXIATA,AXIATA GROUP BERHAD,MAIN,S,Telecommunications Service Providers
5106,AXREIT,AXIS REAL ESTATE INVESTMENT TRUST,MAIN,S,Real Estate Investment Trusts
2305,AYER,AYER HOLDINGS BERHAD,MAIN,S,Property
5021,AYS,AYS VENTURES BERHAD,MAIN,S,Building Materials
7078,AZRB,AHMAD ZAKI RESOURCES BERHAD,MAIN,S,Construction
03012,BABA,BABA ECO GROUP BERHAD,LEAP,S,Household Goods
0098,BAHVEST,BAHVEST RESOURCES BERHAD,ACE,S,Agricultural Products
7251,BARAKAH,BARAKAH OFFSHORE PETROLEUM BERHAD,MAIN,S,"Energy Infrastructure, Equipment & Services "
4162,BAT,BRITISH AMERICAN TOBACCO (MALAYSIA) BERHAD,MAIN,NS,Personal Goods
5248,BAUTO,BERMAZ AUTO BERHAD,MAIN,S,Automotive
6602,BCB,BCB BERHAD,MAIN,NS,Property
0187,BCMALL,BCM ALLIANCE BERHAD,ACE,S,Industrial Services
6173,BDB,BINA DARULAMAN BERHAD,MAIN,S,Property
5190,BENALEC,BENALEC HOLDINGS BERHAD,MAIN,NS,Construction
9814,BERTAM,BERTAM ALLIANCE BERHAD,MAIN,S,Property
8133,BHIC,BOUSTEAD HEAVY INDUSTRIES CORPORATION BHD,MAIN,S,Transportation Equipment
7005,BIG,B.I.G. INDUSTRIES BERHAD,MAIN,S,Diversified Industrials
5258,BIMB,BIMB HOLDINGS BERHAD,MAIN,S,Banking
0195,BINACOM,BINASAT COMMUNICATIONS BERHAD,ACE,S,Telecommunications Service Providers
6998,BINTAI,BINTAI KINDEN CORPORATION BERHAD,MAIN,S,Industrial Engineering
0179,BIOHLDG,BIOALPHA HOLDINGS BERHAD,ACE,S,Food & Beverages
5032,BIPORT,BINTULU PORT HOLDINGS BERHAD,MAIN,S,Transportation & Logistics Services
3239,BJASSET,BERJAYA ASSETS BERHAD,MAIN,NS,Property
3395,BJCORP,BERJAYA CORPORATION BERHAD,MAIN,NS,Diversified Industrials
5196,BJFOOD,BERJAYA FOOD BERHAD,MAIN,S,"Travel, Leisure & Hospitality "
4219,BJLAND,BERJAYA LAND BERHAD,MAIN,NS,"Travel, Leisure & Hospitality "
1562,BJTOTO,BERJAYA SPORTS TOTO BERHAD,MAIN,NS,"Travel, Leisure & Hospitality "
1899,BKAWAN,BATU KAWAN BERHAD,MAIN,S,Plantation
5069,BLDPLNT,BLD PLANTATION BHD.,MAIN,S,Plantation
0168,BOILERM,BOILERMECH HOLDINGS BERHAD,MAIN,S,"Industrial Materials, Components & Equipment "
9288,BONIA,BONIA CORPORATION BERHAD,MAIN,S,Personal Goods
7036,BORNOIL,BORNEO OIL BERHAD,MAIN,S,Industrial Services
6297,BOXPAK,BOX-PAK (MALAYSIA) BERHAD,MAIN,NS,Packaging Materials
5254,BPLANT,BOUSTEAD PLANTATIONS BERHAD,MAIN,S,Plantation
5100,BPPLAS,BP PLASTICS HOLDING BHD,MAIN,S,Packaging Materials
5932,BPURI,BINA PURI HOLDINGS BHD,MAIN,S,Construction
9474,BRAHIMS,BRAHIM'S HOLDINGS BERHAD,MAIN,S,Food & Beverages
8761,BREM,BREM HOLDING BERHAD,MAIN,S,Construction
9938,BRIGHT,BRIGHT PACKAGING INDUSTRY BERHAD,MAIN,NS,Packaging Materials
7221,BSLCORP,BSL CORPORATION BERHAD,MAIN,S,Metals
2771,BSTEAD,BOUSTEAD HOLDINGS BERHAD,MAIN,S,Diversified Industrials
0011,BTECH,BRITE-TECH BERHAD,ACE,S,"Gas, Water & Multi-utilities "
7188,BTM,BTM RESOURCES BERHAD,MAIN,S,Wood & Wood Products
1818,BURSA,BURSA MALAYSIA BERHAD,MAIN,S,Other Financials
03042,BVLH,BV LAND HOLDINGS BERHAD,LEAP,S,Construction
7174,CAB,CAB CAKARAN CORPORATION BERHAD,MAIN,NS,Agricultural Products
0191,CABNET,CABNET HOLDINGS BERHAD,ACE,S,Technology Equipment
7154,CAELY,CAELY HOLDINGS BHD,MAIN,S,Personal Goods
7128,CAMRES,CAM RESOURCES BERHAD,MAIN,S,Household Goods
5105,CANONE,CAN-ONE BERHAD,MAIN,NS,Packaging Materials
5229,CAP,CHINA AUTOMOBILE PARTS HOLDINGS LIMITED,MAIN,NS,Auto Parts
0163,CAREPLS,CAREPLUS GROUP BERHAD,ACE,S,Health Care Equipment & Services
5257,CARIMIN,CARIMIN PETROLEUM BERHAD,MAIN,S,"Energy Infrastructure, Equipment & Services "
2836,CARLSBG,CARLSBERG BREWERY MALAYSIA BERHAD,MAIN,NS,Food & Beverages
7076,CBIP,CB INDUSTRIAL PRODUCT HOLDING BERHAD,MAIN,S,"Industrial Materials, Components & Equipment "
2925,CCB,CYCLE & CARRIAGE BINTANG BERHAD,MAIN,S,Automotive
7035,CCK,CCK CONSOLIDATED HOLDINGS BERHAD,MAIN,S,Food & Beverages
5195,CENSOF,CENSOF HOLDINGS BERHAD,MAIN,S,Software
8982,CEPAT,CEPATWAWASAN GROUP BERHAD,MAIN,S,Plantation
8435,CEPCO,CONCRETE ENGINEERING PRODUCTS BERHAD,MAIN,S,Building Materials
03024,CETECH,CE TECHNOLOGY BERHAD,LEAP,NS,Industrial Services
8044,CFM,COMPUTER FORMS (MALAYSIA) BERHAD,MAIN,S,Industrial Services
8052,CGB,CENTRAL GLOBAL BERHAD,MAIN,S,Packaging Materials
7209,CHEETAH,CHEETAH HOLDINGS BERHAD,MAIN,S,Personal Goods
7187,CHGP,CHIN HIN GROUP PROPERTY BERHAD,MAIN,S,Transportation Equipment
5738,CHHB,COUNTRY HEIGHTS HOLDINGS BHD,MAIN,S,Property
5273,CHINHIN,CHIN HIN GROUP BERHAD,MAIN,S,Building Materials
1929,CHINTEK,CHIN TECK PLANTATIONS BERHAD,MAIN,NS,Plantation
5007,CHINWEL,CHIN WELL HOLDINGS BERHAD,MAIN,S,"Industrial Materials, Components & Equipment "
5797,CHOOBEE,CHOO BEE METAL INDUSTRIES BHD,MAIN,S,Metals
7016,CHUAN,CHUAN HUAT RESOURCES BHD,MAIN,S,Building Materials
2828,CIHLDG,C.I. HOLDINGS BERHAD,MAIN,S,Food & Beverages
1023,CIMB,CIMB GROUP HOLDINGS BERHAD,MAIN,NS,Banking
7117,CJCEN,CJ CENTURY LOGISTICS HOLDINGS BERHAD,MAIN,S,Transportation & Logistics Services
03001,CLOUD,CLOUDARON GROUP BERHAD,LEAP,S,Digital Services
7018,CME,CME GROUP BERHAD,MAIN,S,Industrial Services
5180,CMMT,CAPITALAND MALAYSIA MALL TRUST,MAIN,NS,Real Estate Investment Trusts
2852,CMSB,CAHYA MATA SARAWAK BERHAD,MAIN,S,Building Materials
7986,CNASIA,CN ASIA CORPORATION BHD,MAIN,NS,"Industrial Materials, Components & Equipment "
5104,CNI,CNI HOLDINGS BERHAD,MAIN,S,Consumer Services
5188,CNOUHUA,CHINA OUHUA WINERY HOLDINGS LIMITED,MAIN,NS,Food & Beverages
5071,COASTAL,COASTAL CONTRACTS BHD,MAIN,NS,"Energy Infrastructure, Equipment & Services "
7205,COCOLND,COCOALAND HOLDINGS BERHAD,MAIN,S,Food & Beverages
7195,COMCORP,COMINTEL CORPORATION BHD,MAIN,NS,"Industrial Materials, Components & Equipment "
2127,COMFORT,COMFORT GLOVES BERHAD,MAIN,S,"Industrial Materials, Components & Equipment "
5136,COMPLET,COMPLETE LOGISTIC SERVICES BERHAD,MAIN,NS,Transportation & Logistics Services
5037,COMPUGT,COMPUGATES HOLDINGS BERHAD,MAIN,S,Industrial Services
0102,CONNECT,CONNECTCOUNTY HOLDINGS BERHAD,ACE,S,"Industrial Materials, Components & Equipment "
8591,CRESBLD,CREST BUILDER HOLDINGS BERHAD,MAIN,S,Construction
6718,CRESNDO,CRESCENDO CORPORATION BERHAD,MAIN,S,Property
03016,CRG,CRG INCORPORATED BERHAD,LEAP,S,Personal Goods
7202,CSCENIC,CLASSIC SCENIC BERHAD,MAIN,S,Household Goods
5094,CSCSTEL,CSC STEEL HOLDINGS BERHAD,MAIN,S,Metals
03035,CTIB,COSMOS TECHNOLOGY INTERNATIONAL BERHAD,LEAP,NS,Industrial Services
0051,CUSCAPI,CUSCAPI BERHAD,MAIN,NS,Software
5049,CVIEW,COUNTRY VIEW BERHAD,MAIN,S,Property
9423,CWG,CWG HOLDINGS BERHAD,MAIN,S,Consumer Services
7157,CYL,CYL CORPORATION BERHAD,MAIN,S,Packaging Materials
5184,CYPARK,CYPARK RESOURCES BERHAD,MAIN,S,Industrial Services
7204,D&O,D&O GREEN TECHNOLOGIES BERHAD,MAIN,S,Semiconductors
8125,DAIBOCI,DAIBOCHI BERHAD,MAIN,S,Packaging Materials
5276,DANCO,DANCOMECH HOLDINGS BERHAD,MAIN,S,"Industrial Materials, Components & Equipment "
8338,DATAPRP,DATAPREP HOLDINGS BHD,MAIN,S,Digital Services
0091,DAYA,DAYA MATERIALS BERHAD,MAIN,NS,"Energy Infrastructure, Equipment & Services "
5141,DAYANG,DAYANG ENTERPRISE HOLDINGS BERHAD,MAIN,S,"Energy Infrastructure, Equipment & Services "
3484,DBHD,DAMANSARA REALTY BHD,MAIN,S,Property
5132,DELEUM,DELEUM BERHAD,MAIN,S,"Energy Infrastructure, Equipment & Services "
7212,DESTINI,DESTINI BERHAD,MAIN,S,Industrial Engineering
5165,DFCITY,DFCITY GROUP BERHAD,MAIN,S,Building Materials
0152,DGB,DGB ASIA BERHAD,ACE,S,Software
0131,DGSB,DIVERSIFIED GATEWAY SOLUTIONS BERHAD,ACE,S,Digital Services
7277,DIALOG,DIALOG GROUP BERHAD,MAIN,S,"Energy Infrastructure, Equipment & Services "
6947,DIGI,DIGI.COM BERHAD,MAIN,S,Telecommunications Service Providers
0029,DIGISTA,DIGISTAR CORPORATION BERHAD,MAIN,NS,Digital Services
7528,DKLS,DKLS INDUSTRIES BHD,MAIN,S,Construction
5908,DKSH,DKSH HOLDINGS (MALAYSIA) BERHAD,MAIN,S,Consumer Services
3026,DLADY,DUTCH LADY MILK INDUSTRIES BERHAD,MAIN,S,Food & Beverages
4456,DNEX,DAGANG NEXCHANGE BERHAD,MAIN,S,Digital Services
7114,DNONCE,D'NONCE TECHNOLOGY BHD,MAIN,S,Packaging Materials
5835,DOLMITE,DOLOMITE CORPORATION BERHAD,MAIN,NS,Building Materials
5265,DOLPHIN,DOLPHIN INTERNATIONAL BERHAD,MAIN,S,"Industrial Materials, Components & Equipment "
7169,DOMINAN,DOMINANT ENTERPRISE BERHAD,MAIN,S,Wood & Wood Products
7148,DPHARMA,DUOPHARMA BIOTECH BERHAD,MAIN,S,Pharmaceuticals
0205,DPIH,DPI HOLDINGS BERHAD,ACE,NS,Household Goods
7198,DPS,DPS RESOURCES BERHAD,MAIN,S,Property
1619,DRBHCOM,DRB-HICOM BERHAD,MAIN,S,Automotive
5216,DSONIC,DATASONIC GROUP BERHAD,MAIN,S,Digital Services
7233,DUFU,DUFU TECHNOLOGY CORP. BERHAD,MAIN,S,"Industrial Materials, Components & Equipment "
3948,DUTALND,DUTALAND BERHAD,MAIN,NS,Plantation
5178,DYNACIA,DYNACIATE GROUP BERHAD,MAIN,S,Metals
3417,E&O,EASTERN & ORIENTAL BERHAD,MAIN,S,Property
0154,EAH,EA HOLDINGS BERHAD,ACE,NS,Digital Services
2097,EASTLND,EASTLAND EQUITY BHD,MAIN,S,"Travel, Leisure & Hospitality "
5259,EATECH,E.A.TECHNIQUE (M) BERHAD,MAIN,S,Transportation & Logistics Services
2143,ECM,ECM LIBRA GROUP BERHAD,MAIN,NS,Other Financials
3557,ECOFIRS,ECOFIRST CONSOLIDATED BHD,MAIN,S,Property
0059,ECOHLDS,ECOBUILT HOLDINGS BERHAD,MAIN,S,Telecommunications Service Providers
5253,ECONBHD,ECONPILE HOLDINGS BERHAD,MAIN,S,Construction
8206,ECOWLD,ECO WORLD DEVELOPMENT GROUP BERHAD,MAIN,S,Property
5036,EDARAN,EDARAN BERHAD,MAIN,S,Technology Equipment
7471,EDEN,EDEN INC. BERHAD,MAIN,NS,Electricity
1368,EDGENTA,UEM EDGENTA BERHAD,MAIN,S,Industrial Services
0107,EDUSPEC,EDUSPEC HOLDINGS BERHAD,ACE,S,Software
0064,EFFICEN,EFFICIENT E-SOLUTIONS BERHAD,MAIN,NS,Industrial Services
0065,EFORCE,EXCEL FORCE MSC BERHAD,MAIN,S,Software
0227,EFRAME,ECONFRAME BERHAD,ACE,S,Building Materials
8907,EG,EG INDUSTRIES BERHAD,MAIN,S,"Industrial Materials, Components & Equipment "
5081,EIG,ESTHETICS INTERNATIONAL GROUP BERHAD,MAIN,S,Personal Goods
5208,EITA,EITA RESOURCES BERHAD,MAIN,S,"Industrial Materials, Components & Equipment "
7182,EKA,EKA NOODLES BERHAD,MAIN,S,Food & Beverages
8877,EKOVEST,EKOVEST BERHAD,MAIN,S,Construction
9016,EKSONS,EKSONS CORPORATION BERHAD,MAIN,NS,Wood & Wood Products
5228,ELKDESA,ELK-DESA RESOURCES BERHAD,MAIN,NS,Other Financials
0090,ELSOFT,ELSOFT RESEARCH BERHAD,MAIN,S,Technology Equipment
7217,EMETALL,EONMETALL GROUP BERHAD,MAIN,S,Metals
9091,EMICO,EMICO HOLDINGS BERHAD,MAIN,S,Consumer Services
6076,ENCORP,ENCORP BERHAD,MAIN,S,Property
03025,ENEST,ENEST GROUP BERHAD,LEAP,NS,Consumer Services
7149,ENGKAH,ENG KAH CORPORATION BERHAD,MAIN,S,Household Goods
5056,ENGTEX,ENGTEX GROUP BERHAD,MAIN,S,Metals
8613,ENRA,ENRA GROUP BERHAD,MAIN,S,Property
7773,EPMB,EP MANUFACTURING BHD,MAIN,S,Auto Parts
0190,ESAFE,EVERSAFE RUBBER BERHAD,ACE,S,Auto Parts
0100,ESCERAM,ES CERAMICS TECHNOLOGY BHD,ACE,NS,"Industrial Materials, Components & Equipment "
03021,ETH,EQUITIESTRACKER HOLDINGS BERHAD,LEAP,NS,Consumer Services
6815,EUPE,EUPE CORPORATION BERHAD,MAIN,S,Property
7208,EURO,EURO HOLDINGS BERHAD,MAIN,S,Consumer Services
7094,EUROSP,EUROSPAN HOLDINGS BERHAD,MAIN,S,Household Goods
5101,EVERGRN,EVERGREEN FIBREBOARD BERHAD,MAIN,S,Wood & Wood Products
7249,EWEIN,EWEIN BERHAD,MAIN,S,Property
5283,EWINT,ECO WORLD INTERNATIONAL BERHAD,MAIN,NS,Property
3689,F&N,FRASER & NEAVE HOLDINGS BHD,MAIN,S,Food & Beverages
2984,FACBIND,FACB INDUSTRIES INCORPORATED BERHAD,MAIN,NS,Metals
7047,FAJAR,FAJARBARU BUILDER GROUP BHD,MAIN,S,Construction
5029,FAREAST,FAR EAST HOLDINGS BERHAD,MAIN,S,Plantation
6041,FARLIM,FARLIM GROUP (MALAYSIA) BHD,MAIN,NS,Property
7229,FAVCO,FAVELLE FAVCO BERHAD,MAIN,S,Industrial Engineering
03026,FBBHD,FIBROMAT (M) BERHAD,LEAP,S,Industrial Services
2755,FCW,FCW HOLDINGS BERHAD,MAIN,NS,Household Goods
5222,FGV,FGV HOLDINGS BERHAD,MAIN,S,Plantation
6939,FIAMMA,FIAMMA HOLDINGS BERHAD,MAIN,S,Household Goods
0149,FIBON,FIBON BERHAD,MAIN,NS,"Industrial Materials, Components & Equipment "
8605,FIHB,FEDERAL INTERNATIONAL HOLDINGS BERHAD,MAIN,S,Household Goods
3107,FIMACOR,FIMA CORPORATION BERHAD,MAIN,S,Industrial Services
0150,FINTEC,FINTEC GLOBAL BERHAD,ACE,NS,Other Financials
9318,FITTERS,FITTERS DIVERSIFIED BERHAD,MAIN,S,"Industrial Materials, Components & Equipment "
5197,FLBHD,FOCUS LUMBER BERHAD,MAIN,NS,Wood & Wood Products
0231,FLEXI,FLEXIDYNAMIC HOLDINGS BERHAD,ACE,NS,Industrial Services
0116,FOCUS,FOCUS DYNAMICS GROUP BERHAD,ACE,NS,"Travel, Leisure & Hospitality "
0157,FOCUSP,FOCUS POINT HOLDINGS BERHAD,ACE,S,Personal Goods
5277,FPGROUP,FOUNDPAC GROUP BERHAD,MAIN,S,"Industrial Materials, Components & Equipment "
9172,FPI,FORMOSA PROSONIC INDUSTRIES BERHAD,MAIN,S,Household Goods
7210,FREIGHT,FREIGHT MANAGEMENT HOLDINGS BERHAD,MAIN,S,Transportation & Logistics Services
0128,FRONTKN,FRONTKEN CORPORATION BERHAD,MAIN,S,Semiconductors
9377,FSBM,FSBM HOLDINGS BERHAD,MAIN,S,Technology Equipment
7184,G3,G3 GLOBAL BERHAD,MAIN,S,Personal Goods
9261,GADANG,GADANG HOLDINGS BHD,MAIN,S,Construction
5398,GAMUDA,GAMUDA BERHAD,MAIN,S,Construction
5209,GASMSIA,GAS MALAYSIA BERHAD,MAIN,S,"Gas, Water & Multi-utilities "
5226,GBGAQRS,GABUNGAN AQRS BERHAD,MAIN,S,Construction
7676,GCAP,G CAPITAL BERHAD,MAIN,S,Transportation & Logistics Services
5102,GCB,GUAN CHONG BERHAD,MAIN,S,Food & Beverages
5592,GCE,GRAND CENTRAL ENTERPRISES BHD,MAIN,NS,"Travel, Leisure & Hospitality "
0198,GDB,GDB HOLDINGS BERHAD,MAIN,S,Construction
0078,GDEX,GD EXPRESS CARRIER BERHAD,MAIN,S,Transportation & Logistics Services
0104,GENETEC,GENETEC TECHNOLOGY BERHAD,ACE,S,Technology Equipment
4715,GENM,GENTING MALAYSIA BERHAD,MAIN,NS,"Travel, Leisure & Hospitality "
2291,GENP,GENTING PLANTATIONS BERHAD,MAIN,S,Plantation
3182,GENTING,GENTING BERHAD,MAIN,NS,"Travel, Leisure & Hospitality "
7197,GESHEN,GE-SHEN CORPORATION BERHAD,MAIN,S,"Industrial Materials, Components & Equipment "
5079,GETS,GETS GLOBAL BERHAD,MAIN,S,"Travel, Leisure & Hospitality "
0039,GFM,GFM SERVICES BERHAD,ACE,S,Industrial Services
0021,GHLSYS,GHL SYSTEMS BERHAD,MAIN,S,Digital Services
7192,GIIB,GIIB HOLDINGS BERHAD,MAIN,S,Auto Parts
3204,GKENT,GEORGE KENT (MALAYSIA) BERHAD,MAIN,S,Construction
7382,GLBHD,GOLDEN LAND BERHAD,MAIN,NS,Plantation
5020,GLOMAC,GLOMAC BERHAD,MAIN,S,Property
5220,GLOTEC,GLOBALTEC FORMATION BERHAD,MAIN,S,"Industrial Materials, Components & Equipment "
9962,GMUTUAL,GROMUTUAL BERHAD,MAIN,S,Property
0045,GNB,G NEPTUNE BERHAD,ACE,S,Software
1147,GOB,GLOBAL ORIENTAL BERHAD,MAIN,S,Property
0074,GOCEAN,GREEN OCEAN CORPORATION BERHAD,ACE,S,Food & Beverages
0828EA,GOLDETF,TRADEPLUS SHARIAH GOLD TRACKER,ETF,S,Commodity Fund
2135,GOPENG,GOPENG BERHAD,MAIN,S,Plantation
0082,GPACKET,GREEN PACKET BERHAD,MAIN,NS,Telecommunications Service Providers
5649,GPHAROS,GOLDEN PHAROS BERHAD,MAIN,S,Wood & Wood Products
03029,GPP,GPP RESOURCES BERHAD,LEAP,NS,Industrial Services
0056,GRANFLO,GRAND-FLO BERHAD,MAIN,S,Digital Services
0208,GREATEC,GREATECH TECHNOLOGY BERHAD,MAIN,S,Technology Equipment
0136,GREENYB,GREENYIELD BERHAD,MAIN,S,Agricultural Products
7022,GTRONIC,GLOBETRONICS TECHNOLOGY BERHAD,MAIN,S,Semiconductors
3247,GUH,GUH HOLDINGS BERHAD,MAIN,S,"Industrial Materials, Components & Equipment "
1503,GUOCO,GUOCOLAND (MALAYSIA) BERHAD,MAIN,NS,Property
7668,HAIO,HAI-O ENTERPRISE BERHAD,MAIN,NS,Retailers
7253,HANDAL,HANDAL ENERGY BERHAD,MAIN,S,"Energy Infrastructure, Equipment & Services "
3034,HAPSENG,HAP SENG CONSOLIDATED BERHAD,MAIN,NS,Diversified Industrials
2062,HARBOUR,HARBOUR-LINK GROUP BERHAD,MAIN,S,Transportation & Logistics Services
5008,HARISON,HARRISONS HOLDINGS (MALAYSIA) BERHAD,MAIN,NS,Food & Beverages
7501,HARNLEN,HARN LEN CORPORATION BHD,MAIN,S,Plantation
5168,HARTA,HARTALEGA HOLDINGS BERHAD,MAIN,S,Health Care Equipment & Services
5187,HBGLOB,HB GLOBAL LIMITED,MAIN,NS,Food & Beverages
7105,HCK,HCK CAPITAL GROUP BERHAD,MAIN,S,Property
3255,HEIM,HEINEKEN MALAYSIA BERHAD,MAIN,NS,Food & Beverages
5121,HEKTAR,HEKTAR REAL ESTATE INVESTMENT TRUST,MAIN,NS,Real Estate Investment Trusts
4324,HENGYUAN,HENGYUAN REFINING COMPANY BERHAD,MAIN,S,Oil & Gas Producers
5095,HEVEA,HEVEABOARD BERHAD,MAIN,S,Wood & Wood Products
0161,HEXIND,HEXTAR INDUSTRIES BERHAD,ACE,S,"Industrial Materials, Components & Equipment "
5151,HEXTAR,HEXTAR GLOBAL BERHAD,MAIN,S,Chemicals
3298,HEXZA,HEXZA CORPORATION BERHAD,MAIN,NS,Chemicals
0175,HHGROUP,HENG HUAT RESOURCES GROUP BERHAD,ACE,S,"Industrial Materials, Components & Equipment "
0160,HHHCORP,HIAP HUAT HOLDINGS BERHAD,ACE,S,Industrial Services
5072,HIAPTEK,HIAP TECK VENTURE BERHAD,MAIN,S,Metals
5199,HIBISCS,HIBISCUS PETROLEUM BERHAD,MAIN,S,Oil & Gas Producers
7033,HIGHTEC,KUMPULAN H & L HIGH-TECH BERHAD,MAIN,S,Industrial Engineering
8443,HIL,HIL INDUSTRIES BERHAD,MAIN,S,Chemicals
5819,HLBANK,HONG LEONG BANK BERHAD,MAIN,NS,Banking
5274,HLCAP,HONG LEONG CAPITAL BERHAD,MAIN,NS,Other Financials
1082,HLFG,HONG LEONG FINANCIAL GROUP BERHAD,MAIN,NS,Banking
3301,HLIND,HONG LEONG INDUSTRIES BERHAD,MAIN,S,Automotive
0188,HLT,HLT GLOBAL BERHAD,ACE,S,"Industrial Materials, Components & Equipment "
5169,HOHUP,HO HUP CONSTRUCTION COMPANY BHD,MAIN,S,Construction
5160,HOMERIZ,HOMERITZ CORPORATION BERHAD,MAIN,S,Household Goods
0041,HONGSENG,HONG SENG CONSOLIDATED BERHAD,MAIN,S,Software
7010,HOOVER,GRAND HOOVER BERHAD,MAIN,S,Property
5291,HPMT,HPMT HOLDINGS BERHAD,MAIN,S,"Industrial Materials, Components & Equipment "
0228,HPPHB,HPP HOLDINGS BERHAD,ACE,NS,Packaging Materials
6238,HSL,HOCK SENG LEE BERHAD,MAIN,S,Construction
5138,HSPLANT,HAP SENG PLANTATIONS HOLDINGS BERHAD,MAIN,S,Plantation
0185,HSSEB,HSS ENGINEERS BERHAD,MAIN,S,Industrial Engineering
5028,HTPADU,HEITECH PADU BERHAD,MAIN,S,Digital Services
5062,HUAYANG,HUA YANG BERHAD,MAIN,S,Property
7013,HUBLINE,HUBLINE BERHAD,MAIN,S,Transportation & Logistics Services
5000,HUMEIND,HUME INDUSTRIES BERHAD,MAIN,NS,Building Materials
5024,HUPSENG,HUP SENG INDUSTRIES BERHAD,MAIN,S,Food & Beverages
8478,HWATAI,HWA TAI INDUSTRIES BERHAD,MAIN,S,Food & Beverages
9601,HWGB,HO WAH GENTING BERHAD,MAIN,S,"Industrial Materials, Components & Equipment "
4251,IBHD,I-BERHAD,MAIN,S,Property
5084,IBRACO,IBRACO BERHAD,MAIN,S,Property
5108,ICAP,ICAPITAL.BIZ BERHAD,MAIN,NS,Closed End Fund
5255,ICON,ICON OFFSHORE BERHAD,MAIN,S,"Energy Infrastructure, Equipment & Services "
9113,ICONIC,ICONIC WORLDWIDE BERHAD,MAIN,S,"Travel, Leisure & Hospitality "
03038,ICTZONE,ICT ZONE ASIA BERHAD,LEAP,NS,Technology Equipment
03030,IDBTECH,IDB TECHNOLOGIES BERHAD,LEAP,NS,Software
9687,IDEAL,IDEAL UNITED BINTANG INTERNATIONAL BERHAD,MAIN,S,Property
0174,IDMENSN,IDIMENSION CONSOLIDATED BHD,ACE,NS,Software
0023,IFCAMSC,IFCA MSC BERHAD,ACE,S,Software
5606,IGBB,IGB BERHAD,MAIN,NS,Property
5227,IGBREIT,IGB REAL ESTATE INVESTMENT TRUST,MAIN,NS,Real Estate Investment Trusts
5225,IHH,IHH HEALTHCARE BERHAD,MAIN,S,Health Care Providers
3336,IJM,IJM CORPORATION BERHAD,MAIN,S,Construction
2216,IJMPLNT,IJM PLANTATIONS BERHAD,MAIN,NS,Plantation
5614,ILB,INTEGRATED LOGISTICS BHD,MAIN,S,Transportation & Logistics Services
7222,IMASPRO,IMASPRO CORPORATION BERHAD,MAIN,S,Chemicals
7243,IMPIANA,IMPIANA HOTELS BERHAD,MAIN,S,Food & Beverages
0166,INARI,INARI AMERTRON BERHAD,MAIN,S,Semiconductors
2607,INCKEN,INCH KENNETH KAJANG RUBBER PUBLIC LTD CO,MAIN,S,Plantation
0094,INIX,INIX TECHNOLOGIES HOLDINGS BERHAD,ACE,S,Software
5295,INNATURE,INNATURE BERHAD,MAIN,S,Personal Goods
0147,INNITY,INNITY CORPORATION BERHAD,ACE,NS,Media
6262,INNO,INNOPRISE PLANTATIONS BERHAD,MAIN,S,Plantation
3379,INSAS,INSAS BERHAD,MAIN,NS,Other Financials
0192,INTA,INTA BINA GROUP BERHAD,MAIN,S,Construction
1961,IOICORP,IOI CORPORATION BERHAD,MAIN,S,Plantation
5249,IOIPG,IOI PROPERTIES GROUP BERHAD,MAIN,S,Property
5673,IPMUDA,IPMUDA BERHAD,MAIN,S,Industrial Services
5107,IQGROUP,IQ GROUP HOLDINGS BERHAD,MAIN,S,Household Goods
7183,IQZAN,IQZAN HOLDING BERHAD,MAIN,S,Packaging Materials
8834,IREKA,IREKA CORPORATION BERHAD,MAIN,S,Construction
0010,IRIS,IRIS CORPORATION BERHAD,ACE,S,Software
9393,ITRONIC,INDUSTRONICS BERHAD,MAIN,S,Technology Equipment
5175,IVORY,IVORY PROPERTIES GROUP BERHAD,MAIN,S,Property
1589,IWCITY,ISKANDAR WATERFRONT CITY BERHAD,MAIN,S,Property
7043,JADEM,JADE MARVEL GROUP BERHAD,MAIN,S,Building Materials
7223,JADI,JADI IMAGING HOLDINGS BERHAD,MAIN,S,Consumer Services
0024,JAG,JAG BERHAD,ACE,S,Industrial Services
4723,JAKS,JAKS RESOURCES BERHAD,MAIN,S,Construction
8648,JASKITA,JASA KITA BERHAD,MAIN,NS,"Industrial Materials, Components & Equipment "
7152,JAYCORP,JAYCORP BERHAD,MAIN,S,Household Goods
0058,JCBNEXT,JCBNEXT BERHAD,MAIN,NS,Industrial Services
5161,JCY,JCY INTERNATIONAL BERHAD,MAIN,S,Technology Equipment
8931,JERASIA,JERASIA CAPITAL BERHAD,MAIN,NS,Personal Goods
9083,JETSON,KUMPULAN JETSON BERHAD,MAIN,S,Auto Parts
0146,JFTECH,JF TECHNOLOGY BERHAD,ACE,S,Technology Equipment
0127,JHM,JHM CONSOLIDATION BERHAD,MAIN,S,Semiconductors
8923,JIANKUN,JIANKUN INTERNATIONAL BERHAD,MAIN,S,Property
03040,JISHAN,JISHAN BERHAD,LEAP,NS,Packaging Materials
6769,JKGLAND,JKG LAND BERHAD,MAIN,S,Property
7096,JOE,JOE HOLDING BERHAD,MAIN,NS,Auto Parts
3441,JOHAN,JOHAN HOLDINGS BERHAD,MAIN,NS,Other Financials
7167,JOHOTIN,JOHORE TIN BERHAD,MAIN,S,Food & Beverages
4383,JTIASA,JAYA TIASA HOLDINGS BHD,MAIN,S,Plantation
0111,K1,K-ONE TECHNOLOGY BERHAD,ACE,S,Technology Equipment
0193,KAB,KEJURUTERAAN ASASTERA BERHAD,MAIN,S,Industrial Engineering
8672,KAMDAR,KAMDAR GROUP (M) BERHAD,MAIN,S,Retailers
0170,KANGER,KANGER INTERNATIONAL BERHAD,ACE,S,Household Goods
5247,KAREX,KAREX BERHAD,MAIN,NS,Personal Goods
0054,KARYON,KARYON INDUSTRIES BERHAD,MAIN,S,Chemicals
7216,KAWAN,KAWAN FOOD BERHAD,MAIN,S,Food & Beverages
7199,KEINHIN,KEIN HING INTERNATIONAL BERHAD,MAIN,S,Metals
7323,KEN,KEN HOLDINGS BERHAD,MAIN,S,Property
6483,KENANGA,KENANGA INVESTMENT BANK BERHAD,MAIN,NS,Other Financials
7161,KERJAYA,KERJAYA PROSPEK GROUP BERHAD,MAIN,S,Construction
9334,KESM,KESM INDUSTRIES BERHAD,MAIN,S,Semiconductors
0143,KEYASIC,KEY ASIC BERHAD,MAIN,S,Semiconductors
6491,KFIMA,KUMPULAN FIMA BERHAD,MAIN,S,Diversified Industrials
0151,KGB,KELINGTON GROUP BERHAD,MAIN,S,Industrial Engineering
0036,KGROUP,KEY ALLIANCE GROUP BERHAD,ACE,S,Technology Equipment
6203,KHEESAN,KHEE SAN BERHAD,MAIN,S,Food & Beverages
7062,KHIND,KHIND HOLDINGS BERHAD,MAIN,S,Household Goods
0210,KHJB,KIM HIN JOO (MALAYSIA) BERHAD,ACE,S,Retailers
6211,KIALIM,KIA LIM BERHAD,MAIN,S,Building Materials
5371,KIMHIN,KIM HIN INDUSTRY BERHAD,MAIN,S,Building Materials
5171,KIMLUN,KIMLUN CORPORATION BERHAD,MAIN,S,Construction
5280,KIPREIT,KIP REAL ESTATE INVESTMENT TRUST,MAIN,NS,Real Estate Investment Trusts
9466,KKB,KKB ENGINEERING BERHAD,MAIN,S,Industrial Engineering
5235SS,KLCC,KLCC PROPERTY HOLDINGS BERHAD,MAIN,S,Real Estate Investment Trusts
0835EA,KLCI1XI,KENANGA KLCI DAILY (-1X) INVERSE ETF,ETF,NS,N/A
0834EA,KLCI2XL,KENANGA KLCI DAILY 2X LEVERAGED ETF,ETF,NS,N/A
2445,KLK,KUALA LUMPUR KEPONG BERHAD,MAIN,S,Plantation
2453,KLUANG,KLUANG RUBBER COMPANY (MALAYA) BERHAD,MAIN,NS,Plantation
5027,KMLOONG,KIM LOONG RESOURCES BERHAD,MAIN,S,Plantation
7164,KNM,KNM GROUP BERHAD,MAIN,NS,Other Energy Resources
5035,KNUSFOR,KNUSFORD BERHAD,MAIN,S,Industrial Services
6971,KOBAY,KOBAY TECHNOLOGY BERHAD,MAIN,S,"Industrial Materials, Components & Equipment "
7017,KOMARK,KOMARKCORP BERHAD,MAIN,S,Packaging Materials
7153,KOSSAN,KOSSAN RUBBER INDUSTRIES BERHAD,MAIN,S,Health Care Equipment & Services
0002,KOTRA,KOTRA INDUSTRIES BERHAD,MAIN,S,Pharmaceuticals
5878,KPJ,KPJ HEALTHCARE BERHAD,MAIN,S,Health Care Providers
7130,KPOWER,KUMPULAN POWERNET BERHAD,MAIN,S,Personal Goods
7077,KPPROP,KERJAYA PROSPEK PROPERTY BERHAD,MAIN,S,Property
5843,KPS,KUMPULAN PERANGSANG SELANGOR BERHAD,MAIN,S,Diversified Industrials
9121,KPSCB,KPS CONSORTIUM BERHAD,MAIN,S,Wood & Wood Products
1996,KRETAM,KRETAM HOLDINGS BERHAD,MAIN,S,Plantation
0176,KRONO,KRONOLOGI ASIA BERHAD,ACE,S,Digital Services
3476,KSENG,KECK SENG (MALAYSIA) BERHAD,MAIN,NS,Diversified Industrials
5038,KSL,KSL HOLDINGS BERHAD,MAIN,S,Property
5192,KSSC,K.SENG SENG CORPORATION BERHAD,MAIN,S,"Industrial Materials, Components & Equipment "
5172,KSTAR,K-STAR SPORTS LIMITED,MAIN,NS,Personal Goods
4847,KTB,KONSORTIUM TRANSNASIONAL BERHAD,MAIN,S,"Travel, Leisure & Hospitality "
0180,KTC,KIM TECK CHEONG CONSOLIDATED BERHAD,ACE,NS,Consumer Services
7165,KTG,KTG BERHAD,MAIN,S,Building Materials
6874,KUB,KUB MALAYSIA BERHAD,MAIN,S,Industrial Services
2186,KUCHAI,KUCHAI DEVELOPMENT BERHAD,MAIN,NS,Other Financials
8362,KYM,KYM HOLDINGS BERHAD,MAIN,S,Packaging Materials
3174,L&G,LAND & GENERAL BERHAD,MAIN,S,Property
7179,LAGENDA,LAGENDA PROPERTIES BERHAD,MAIN,S,Property
0018,LAMBO,LAMBO GROUP BERHAD,ACE,NS,Software
1643,LANDMRK,LANDMARKS BERHAD,MAIN,NS,"Travel, Leisure & Hospitality "
7006,LATITUD,LATITUDE TREE HOLDINGS BERHAD,MAIN,S,Household Goods
9385,LAYHONG,LAY HONG BERHAD,MAIN,S,Agricultural Products
9326,LBALUM,LB ALUMINIUM BERHAD,MAIN,S,Metals
8494,LBICAP,LBI CAPITAL BERHAD,MAIN,S,Property
5789,LBS,LBS BINA GROUP BERHAD,MAIN,S,Property
5284,LCTITAN,LOTTE CHEMICAL TITAN HOLDING BERHAD,MAIN,S,Chemicals
9628,LEBTECH,LEBTECH BERHAD,MAIN,S,Construction
8079,LEESK,LEE SWEE KIAT GROUP BERHAD,MAIN,S,Household Goods
5232,LEONFB,LEON FUAT BERHAD,MAIN,NS,Metals
7170,LFECORP,LFE CORPORATION BERHAD,MAIN,S,Industrial Engineering
6633,LHI,LEONG HUP INTERNATIONAL BERHAD,MAIN,NS,Agricultural Products
3573,LIENHOE,LIEN HOE CORPORATION BERHAD,MAIN,NS,Property
7089,LIIHEN,LII HEN INDUSTRIES BHD.,MAIN,S,Household Goods
4235,LIONIND,LION INDUSTRIES CORPORATION BERHAD,MAIN,S,Metals
8486,LIONPSIM,LION POSIM BERHAD,MAIN,S,Industrial Services
6645,LITRAK,LINGKARAN TRANS KOTA HOLDINGS BERHAD,MAIN,S,Transportation & Logistics Services
0182,LKL,LKL INTERNATIONAL BERHAD,ACE,S,Health Care Equipment & Services
8303,LOTUS,LOTUS KFM BERHAD,MAIN,S,Food & Beverages
8621,LPI,LPI CAPITAL BHD,MAIN,NS,Insurance
9881,LSTEEL,LEADER STEEL HOLDINGS BERHAD,MAIN,S,Metals
7085,LTKM,LTKM BERHAD,MAIN,S,Agricultural Products
5068,LUSTER,LUSTER INDUSTRIES BHD.,MAIN,S,"Industrial Materials, Components & Equipment "
5143,LUXCHEM,LUXCHEM CORPORATION BERHAD,MAIN,S,Chemicals
0075,LYC,LYC HEALTHCARE BERHAD,ACE,S,Health Care Providers
9199,LYSAGHT,LYSAGHT GALVANIZED STEEL BERHAD,MAIN,NS,Metals
5078,M&G,MARINE & GENERAL BERHAD,MAIN,NS,Transportation & Logistics Services
0017,M3TECH,M3 TECHNOLOGIES (ASIA) BERHAD,ACE,S,Telecommunications Equipment
1198,MAA,MAA GROUP BERHAD,MAIN,NS,Insurance
0140,MACPIE,MACPIE BERHAD,ACE,S,Consumer Services
0095,MAG,MAG HOLDINGS BERHAD,ACE,S,Food & Beverages
7617,MAGNA,MAGNA PRIMA BERHAD,MAIN,S,Property
7087,MAGNI,MAGNI-TECH INDUSTRIES BERHAD,MAIN,S,Personal Goods
3859,MAGNUM,MAGNUM BERHAD,MAIN,NS,"Travel, Leisure & Hospitality "
8583,MAHSING,MAH SING GROUP BERHAD,MAIN,S,Property
5264,MALAKOF,MALAKOFF CORPORATION BERHAD,MAIN,S,Electricity
4936,MALPAC,MALPAC HOLDINGS BERHAD,MAIN,NS,Plantation
6181,MALTON,MALTON BERHAD,MAIN,S,Property
1058,MANULFE,MANULIFE HOLDINGS BERHAD,MAIN,NS,Insurance
3514,MARCO,MARCO HOLDINGS BERHAD,MAIN,NS,Personal Goods
5098,MASTEEL,MALAYSIA STEEL WORKS (KL) BHD,MAIN,S,Metals
7029,MASTER,MASTER-PACK GROUP BERHAD,MAIN,S,Packaging Materials
0189,MATANG,MATANG BERHAD,ACE,NS,Plantation
5236,MATRIX,MATRIX CONCEPTS HOLDINGS BERHAD,MAIN,S,Property
4022,MAXIM,MAXIM GLOBAL BERHAD,MAIN,S,Property
6012,MAXIS,MAXIS BERHAD,MAIN,S,Telecommunications Service Providers
1155,MAYBANK,MALAYAN BANKING BERHAD,MAIN,NS,Banking
5077,MAYBULK,MALAYSIAN BULK CARRIERS BERHAD,MAIN,NS,Transportation & Logistics Services
5152,MBL,MUAR BAN LEE GROUP BERHAD,MAIN,S,"Industrial Materials, Components & Equipment "
5983,MBMR,MBM RESOURCES BHD,MAIN,S,Automotive
1171,MBSB,MALAYSIA BUILDING SOCIETY BERHAD,MAIN,NS,Other Financials
7004,MCEHLDG,MCE HOLDINGS BERHAD,MAIN,S,Auto Parts
3794,MCEMENT,MALAYAN CEMENT BERHAD,MAIN,S,Building Materials
0167,MCLEAN,MCLEAN TECHNOLOGIES BERHAD,ACE,S,Industrial Services
03022,MCOM,MCOM HOLDINGS BERHAD,LEAP,S,Digital Services
5182,MCT,MCT BERHAD,MAIN,S,Property
4502,MEDIA,MEDIA PRIMA BERHAD,MAIN,NS,Media
5090,MEDIAC,MEDIA CHINESE INTERNATIONAL LIMITED,MAIN,S,Media
0081,MEGASUN,MEGA SUN CITY HOLDINGS BERHAD,ACE,S,Industrial Services
5129,MELATI,MELATI EHSAN HOLDINGS BERHAD,MAIN,S,Construction
3778,MELEWAR,MELEWAR INDUSTRIAL GROUP BERHAD,MAIN,S,Metals
1694,MENANG,MENANG CORPORATION (M) BERHAD,MAIN,S,Property
5223,MENTIGA,MENTIGA CORPORATION BERHAD,MAIN,S,Wood & Wood Products
8192,MERCURY,MERCURY INDUSTRIES BERHAD,MAIN,S,Construction
5040,MERIDIAN,MERIDIAN BERHAD,MAIN,S,Property
7234,MESB,MESB BERHAD,MAIN,S,Personal Goods
0207,MESTRON,MESTRON HOLDINGS BERHAD,ACE,S,Metals
0825EA,METFSID,MYETF MSCI SEA ISLAMIC DIVIDEND,ETF,S,Equity Fund
0827EA,METFUS50,MYETF DOW JONES U.S. TITANS 50,ETF,S,Equity Fund
6149,METROD,METROD HOLDINGS BERHAD,MAIN,NS,Metals
3069,MFCB,MEGA FIRST CORPORATION BERHAD,MAIN,S,Electricity
03015,MFGROUP,MANFORCE GROUP BERHAD,LEAP,S,Consumer Services
3662,MFLOUR,MALAYAN FLOUR MILLS BERHAD,MAIN,S,Food & Beverages
7595,MGB,MGB BERHAD,MAIN,S,Construction
0155,MGRC,MALAYSIAN GENOMICS RESOURCE CENTRE BERHAD,ACE,S,Health Care Equipment & Services
5186,MHB,MALAYSIA MARINE AND HEAVY ENGINEERING HOLDINGS BERHAD,MAIN,S,"Energy Infrastructure, Equipment & Services "
5026,MHC,MHC PLANTATIONS BHD,MAIN,S,Plantation
03005,MHCARE,METRO HEALTHCARE BERHAD,LEAP,S,Health Care Providers
5286,MI,MI TECHNOVATION BERHAD,MAIN,S,Technology Equipment
0126,MICROLN,MICROLINK SOLUTIONS BERHAD,ACE,S,Digital Services
5001,MIECO,MIECO CHIPBOARD BERHAD,MAIN,S,Wood & Wood Products
0112,MIKROMB,MIKRO MSC BERHAD,ACE,S,Technology Equipment
7935,MILUX,MILUX CORPORATION BERHAD,MAIN,S,Household Goods
5166,MINDA,MINDA GLOBAL BERHAD,MAIN,S,Consumer Services
7219,MINETEC,MINETECH RESOURCES BERHAD,MAIN,S,Building Materials
5576,MINHO,MINHO (M) BERHAD,MAIN,S,Wood & Wood Products
3816,MISC,MISC BERHAD,MAIN,S,Transportation & Logistics Services
9571,MITRA,MITRAJAYA HOLDINGS BERHAD,MAIN,S,Construction
8141,MJPERAK,MAJUPERAK HOLDINGS BERHAD,MAIN,S,Property
6114,MKH,MKH BERHAD,MAIN,S,Property
8893,MKLAND,MK LAND HOLDINGS BERHAD,MAIN,S,Property
0085,MLAB,MLABS SYSTEMS BERHAD,ACE,NS,Technology Equipment
0034,MMAG,MMAG HOLDINGS BERHAD,ACE,S,Digital Services
2194,MMCCORP,MMC CORPORATION BERHAD,MAIN,S,Transportation & Logistics Services
03027,MMIS,MMIS BERHAD,LEAP,NS,"Industrial Materials, Components & Equipment "
0113,MMSV,MMS VENTURES BERHAD,MAIN,S,Technology Equipment
0103,MNC,M N C WIRELESS BERHAD,ACE,S,Telecommunications Equipment
6459,MNRB,MNRB HOLDINGS BERHAD,MAIN,NS,Insurance
0229,MOBILIA,MOBILIA HOLDINGS BERHAD,ACE,NS,Household Goods
0156,MPAY,MANAGEPAY SYSTEMS BERHAD,ACE,S,Software
6548,MPCORP,MALAYSIA PACIFIC CORPORATION BERHAD,MAIN,NS,Property
5237,MPHBCAP,MPHB CAPITAL BERHAD,MAIN,NS,Insurance
3867,MPI,MALAYSIAN PACIFIC INDUSTRIES BERHAD,MAIN,S,Semiconductors
03019,MPSOL,MATRIX PARKING SOLUTION HOLDINGS BERHAD,LEAP,NS,Consumer Services
0070,MQTECH,MQ TECHNOLOGY BERHAD,ACE,S,Semiconductors
1651,MRCB,MALAYSIAN RESOURCES CORPORATION BERHAD,MAIN,S,Property
5296,MRDIY,MR D.I.Y. GROUP (M) BERHAD,MAIN,S,Retailers
5916,MSC,MALAYSIA SMELTING CORPORATION BERHAD,MAIN,NS,Metals
5202,MSM,MSM MALAYSIA HOLDINGS BERHAD,MAIN,S,Food & Beverages
5011,MSNIAGA,MESINIAGA BERHAD,MAIN,S,Digital Services
0213,MTAG,MTAG GROUP BERHAD,ACE,S,Industrial Services
5924,MTDACPI,MTD ACPI ENGINEERING BERHAD,MAIN,S,Construction
0092,MTOUCHE,MTOUCHE TECHNOLOGY BERHAD,ACE,S,Telecommunications Service Providers
0043,MTRONIC,METRONIC GLOBAL BERHAD,MAIN,S,Industrial Services
3883,MUDA,MUDA HOLDINGS BERHAD,MAIN,S,Packaging Materials
5085,MUDAJYA,MUDAJAYA GROUP BERHAD,MAIN,NS,Construction
9539,MUH,MULTI-USAGE HOLDINGS BERHAD,MAIN,S,Property
5703,MUHIBAH,MUHIBBAH ENGINEERING (M) BHD,MAIN,S,Construction
3891,MUIIND,MALAYAN UNITED INDUSTRIES BERHAD,MAIN,NS,"Travel, Leisure & Hospitality "
3913,MUIPROP,MUI PROPERTIES BERHAD,MAIN,S,Property
3905,MULPHA,MULPHA INTERNATIONAL BERHAD,MAIN,NS,"Travel, Leisure & Hospitality "
5087,MYCRON,MYCRON STEEL BERHAD,MAIN,S,Metals
0138,MYEG,MY E.G. SERVICES BERHAD,MAIN,S,Digital Services
0821EA,MYETFDJ,MYETF DOW JONES ISLAMIC MARKET MALAYSIA TITANS 25,ETF,S,Equity Fund
0824EA,MYETFID,MYETF MSCI MALAYSIA ISLAMIC DIVIDEND,ETF,S,Equity Fund
03010,MYKRIS,MYKRIS INTERNATIONAL BERHAD,LEAP,NS,Telecommunications Service Providers
5275,MYNEWS,MYNEWS HOLDINGS BERHAD,MAIN,NS,Retailers
0108,N2N,N2N CONNECT BERHAD,ACE,S,Software
0206,NADIBHD,GAGASAN NADI CERGAS BERHAD,ACE,S,Construction
5073,NAIM,NAIM HOLDINGS BERHAD,MAIN,S,Property
9806,NATWIDE,NATIONWIDE EXPRESS HOLDINGS BERHAD,MAIN,S,Transportation & Logistics Services
4707,NESTLE,NESTLE (MALAYSIA) BERHAD,MAIN,S,Food & Beverages
0020,NETX,NETX HOLDINGS BERHAD,ACE,NS,Software
0096,NEXGRAM,NEXGRAM HOLDINGS BERHAD,ACE,S,Telecommunications Equipment
7241,NGGB,NEXTGREEN GLOBAL BERHAD,MAIN,S,Industrial Services
7060,NHFATT,NEW HOONG FATT HOLDINGS BERHAD,MAIN,S,Automotive
7139,NICE,NICHE CAPITAL EMAS HOLDINGS BERHAD,MAIN,S,Personal Goods
7215,NIHSIN,NI HSIN RESOURCES BERHAD,MAIN,S,Household Goods
0083,NOTION,NOTION VTEC BERHAD,MAIN,S,Technology Equipment
0201,NOVA,NOVA WELLNESS GROUP BERHAD,MAIN,NS,Pharmaceuticals
0026,NOVAMSC,NOVA MSC BERHAD,ACE,S,Software
5047,NPC,NPC RESOURCES BERHAD,MAIN,S,Plantation
03006,NPS,NOVA PHARMA SOLUTIONS BERHAD,LEAP,S,Pharmaceuticals
2038,NSOP,NEGRI SEMBILAN OIL PALMS BERHAD,MAIN,NS,Plantation
5066,NTPM,NTPM HOLDINGS BERHAD,MAIN,NS,Household Goods
5025,NWP,NWP HOLDINGS BERHAD,MAIN,S,Wood & Wood Products
4944,NYLEX,NYLEX (MALAYSIA) BERHAD,MAIN,S,Chemicals
5533,OCB,OCB BERHAD,MAIN,S,Food & Beverages
0172,OCK,OCK GROUP BERHAD,MAIN,S,Telecommunications Service Providers
0049,OCNCASH,OCEANCASH PACIFIC BERHAD,MAIN,S,Personal Goods
7071,OCR,OCR GROUP BERHAD,MAIN,S,Construction
7107,OFI,ORIENTAL FOOD INDUSTRIES HOLDINGS BERHAD,MAIN,S,Food & Beverages
5827,OIB,ORIENTAL INTEREST BERHAD,MAIN,S,Property
7140,OKA,OKA CORPORATION BHD,MAIN,S,Building Materials
3018,OLYMPIA,OLYMPIA INDUSTRIES BERHAD,MAIN,NS,"Travel, Leisure & Hospitality "
9008,OMESTI,OMESTI BHD,MAIN,S,Digital Services
0035,OPCOM,OPCOM HOLDINGS BERHAD,ACE,S,Telecommunications Equipment
0040,OPENSYS,OPENSYS (M) BERHAD,ACE,S,Software
0222,OPTIMAX,OPTIMAX HOLDINGS BERHAD,ACE,S,Health Care Providers
4006,ORIENT,ORIENTAL HOLDINGS BERHAD,MAIN,NS,Automotive
0079,ORION,ORION IXL BERHAD,ACE,S,Software
5065,ORNA,ORNAPAPER BERHAD,MAIN,S,Packaging Materials
5053,OSK,OSK HOLDINGS BERHAD,MAIN,NS,Property
0053,OSKVI,OSK VENTURES INTERNATIONAL BERHAD,ACE,NS,Other Financials
0153,OVERSEA,OVERSEA ENTERPRISE BERHAD,ACE,NS,"Travel, Leisure & Hospitality "
0220,OVH,OCEAN VANTAGE HOLDINGS BERHAD,ACE,S,"Energy Infrastructure, Equipment & Services "
5260,OWG,ONLY WORLD GROUP HOLDINGS BERHAD,MAIN,NS,"Travel, Leisure & Hospitality "
6009,P&O,PACIFIC & ORIENT BERHAD,MAIN,NS,Insurance
7225,PA,P.A. RESOURCES BERHAD,MAIN,S,Metals
7052,PADINI,PADINI HOLDINGS BERHAD,MAIN,S,Retailers
3719,PANAMY,PANASONIC MANUFACTURING MALAYSIA BERHAD,MAIN,NS,Household Goods
8419,PANSAR,PANSAR BERHAD,MAIN,S,Building Materials
5125,PANTECH,PANTECH GROUP HOLDINGS BERHAD,MAIN,S,Metals
5022,PAOS,PAOS HOLDINGS BERHAD,MAIN,S,Household Goods
9407,PARAGON,PARAGON UNION BERHAD,MAIN,S,Household Goods
1724,PARAMON,PARAMOUNT CORPORATION BERHAD,MAIN,S,Property
5657,PARKSON,PARKSON HOLDINGS BERHAD,MAIN,S,Retailers
2682,PARKWD,PARKWOOD HOLDINGS BERHAD,MAIN,NS,Property
0022,PARLO,PARLO BERHAD,ACE,S,"Travel, Leisure & Hospitality "
6912,PASDEC,PASDEC HOLDINGS BERHAD,MAIN,S,Property
0177,PASUKGB,PASUKHAS GROUP BERHAD,ACE,S,Industrial Engineering
5212,PAVREIT,PAVILION REAL ESTATE INVESTMENT TRUST,MAIN,NS,Real Estate Investment Trusts
5041,PBA,PBA HOLDINGS BHD,MAIN,S,"Gas, Water & Multi-utilities "
1295,PBBANK,PUBLIC BANK BERHAD,MAIN,NS,Banking
6068,PCCS,PCCS GROUP BERHAD,MAIN,S,Personal Goods
5183,PCHEM,PETRONAS CHEMICALS GROUP BERHAD,MAIN,S,Chemicals
6254,PDZ,PDZ HOLDINGS BHD,MAIN,S,Transportation & Logistics Services
5622,PEB,PIMPINAN EHSAN BERHAD,MAIN,S,Construction
5271,PECCA,PECCA GROUP BERHAD,MAIN,S,Auto Parts
5231,PELIKAN,PELIKAN INTERNATIONAL CORPORATION BERHAD,MAIN,S,Consumer Services
5133,PENERGY,PETRA ENERGY BERHAD,MAIN,S,"Energy Infrastructure, Equipment & Services "
9997,PENSONI,PENSONIC HOLDINGS BERHAD,MAIN,NS,Household Goods
7160,PENTA,PENTAMASTER CORPORATION BERHAD,MAIN,S,Technology Equipment
7108,PERDANA,PERDANA PETROLEUM BERHAD,MAIN,S,"Energy Infrastructure, Equipment & Services "
7080,PERMAJU,PERMAJU INDUSTRIES BERHAD,MAIN,S,Automotive
5436,PERSTIM,PERUSAHAAN SADUR TIMAH MALAYSIA (PERSTIMA) BHD,MAIN,S,Metals
8532,PERTAMA,PERTAMA DIGITAL BERHAD,MAIN,NS,Personal Goods
8311,PESONA,PESONA METRO HOLDINGS BERHAD,MAIN,S,Construction
5219,PESTECH,PESTECH INTERNATIONAL BERHAD,MAIN,S,Industrial Engineering
5681,PETDAG,PETRONAS DAGANGAN BHD,MAIN,S,Retailers
6033,PETGAS,PETRONAS GAS BERHAD,MAIN,S,"Gas, Water & Multi-utilities "
3042,PETRONM,PETRON MALAYSIA REFINING & MARKETING BHD,MAIN,S,Oil & Gas Producers
3611,PGLOBE,PARAGON GLOBE BERHAD,MAIN,S,Property
7081,PHARMA,PHARMANIAGA BERHAD,MAIN,S,Pharmaceuticals
4464,PHB,PEGASUS HEIGHTS BERHAD,MAIN,S,Property
7201,PICORP,PROGRESSIVE IMPACT CORPORATION BERHAD,MAIN,S,Industrial Services
7095,PIE,P.I.E. INDUSTRIAL BERHAD,MAIN,S,"Industrial Materials, Components & Equipment "
0006,PINEAPP,PINEAPPLE RESOURCES BERHAD,ACE,S,Digital Services
1902,PINEPAC,PINEHILL PACIFIC BERHAD,MAIN,S,Plantation
7163,PJBUMI,PJBUMI BERHAD,MAIN,S,Industrial Services
0171,PLABS,PETERLABS HOLDINGS BERHAD,ACE,NS,Agricultural Products
7055,PLB,PLB ENGINEERING BERHAD,MAIN,NS,Property
5075,PLENITU,PLENITUDE BERHAD,MAIN,S,Property
9695,PLS,PLS PLANTATIONS BERHAD,MAIN,S,Plantation
7172,PMBTECH,PMB TECHNOLOGY BERHAD,MAIN,S,Metals
4081,PMCORP,PAN MALAYSIA CORPORATION BERHAD,MAIN,S,"Travel, Leisure & Hospitality "
8869,PMETAL,PRESS METAL ALUMINIUM HOLDINGS BERHAD,MAIN,S,Metals
1287,PMHLDG,PAN MALAYSIA HOLDINGS BERHAD,MAIN,S,"Travel, Leisure & Hospitality "
6637,PNEPCB,PNE PCB BERHAD,MAIN,S,"Industrial Materials, Components & Equipment "
5080,POHKONG,POH KONG HOLDINGS BERHAD,MAIN,S,Retailers
7088,POHUAT,POH HUAT RESOURCES HOLDINGS BERHAD,MAIN,S,Household Goods
8117,POLY,POLY GLASS FIBRE (M) BERHAD,MAIN,S,Building Materials
03031,POLYDM,POLYDAMIC GROUP BERHAD,LEAP,NS,"Industrial Materials, Components & Equipment "
4634,POS,POS MALAYSIA BERHAD,MAIN,S,Transportation & Logistics Services
4065,PPB,PPB GROUP BERHAD,MAIN,S,Food & Beverages
7190,PPG,PELANGI PUBLISHING GROUP BHD.,MAIN,S,Media
8273,PPHB,PUBLIC PACKAGES HOLDINGS BHD,MAIN,S,Packaging Materials
9873,PRESTAR,PRESTAR RESOURCES BERHAD,MAIN,S,Metals
7168,PRG,PRG HOLDINGS BERHAD,MAIN,S,Personal Goods
0123,PRIVA,PRIVASIA TECHNOLOGY BERHAD,ACE,S,Telecommunications Equipment
8346,PRKCORP,PERAK CORPORATION BERHAD,MAIN,NS,Transportation & Logistics Services
8966,PRLEXUS,PROLEXUS BERHAD,MAIN,S,Personal Goods
5070,PRTASCO,PROTASCO BERHAD,MAIN,S,Construction
9598,PTARAS,PINTARAS JAYA BHD,MAIN,S,Construction
0186,PTRANS,PERAK TRANSIT BERHAD,MAIN,S,"Travel, Leisure & Hospitality "
0007,PUC,PUC BERHAD,ACE,S,Media
6807,PUNCAK,PUNCAK NIAGA HOLDINGS BERHAD,MAIN,S,Construction
7134,PWF,PWF CONSOLIDATED BERHAD,MAIN,S,Agricultural Products
7123,PWORTH,PRICEWORTH INTERNATIONAL BERHAD,MAIN,S,Wood & Wood Products
7237,PWROOT,POWER ROOT BERHAD,MAIN,S,Food & Beverages
0217,PWRWELL,POWERWELL HOLDINGS BERHAD,ACE,S,"Industrial Materials, Components & Equipment "
0196,QES,QES GROUP BERHAD,ACE,S,"Industrial Materials, Components & Equipment "
7084,QL,QL RESOURCES BERHAD,MAIN,S,Agricultural Products
7544,QUALITY,QUALITY CONCRETE HOLDINGS BERHAD,MAIN,S,Building Materials
7498,RALCO,RALCO CORPORATION BERHAD,MAIN,S,Chemicals
5272,RANHILL,RANHILL UTILITIES BERHAD,MAIN,S,"Gas, Water & Multi-utilities "
7765,RAPID,RAPID SYNERGY BERHAD,MAIN,NS,Property
9296,RCECAP,RCE CAPITAL BERHAD,MAIN,NS,Other Financials
5256,REACH,REACH ENERGY BERHAD,MAIN,S,Oil & Gas Producers
03002,REDIDEA,RED IDEAS HOLDINGS BERHAD,LEAP,NS,Digital Services
0032,REDTONE,REDTONE INTERNATIONAL BERHAD,ACE,S,Telecommunications Service Providers
7232,RESINTC,RESINTECH BERHAD,MAIN,S,Building Materials
0173,REV,REV ASIA BERHAD,ACE,NS,Media
0200,REVENUE,REVENUE GROUP BERHAD,ACE,S,Digital Services
9946,REX,REX INDUSTRY BERHAD,MAIN,S,Food & Beverages
0106,REXIT,REXIT BERHAD,ACE,NS,Software
0037,RGB,RGB INTERNATIONAL BHD,MAIN,NS,"Travel, Leisure & Hospitality "
9954,RGTBHD,RGT BERHAD,MAIN,S,Chemicals
0202,RGTECH,RADIANT GLOBALTECH BERHAD,ACE,S,Digital Services
1066,RHBBANK,RHB BANK BERHAD,MAIN,NS,Banking
5278,RHONEMA,RHONE MA HOLDINGS BERHAD,MAIN,NS,Agricultural Products
0219,RL,RESERVOIR LINK ENERGY BHD,ACE,S,"Energy Infrastructure, Equipment & Services "
9741,ROHAS,ROHAS TECNIC BERHAD,MAIN,S,Industrial Engineering
03036,RPLANET,REDPLANET BERHAD,LEAP,NS,Digital Services
5113,RSAWIT,RIMBUNAN SAWIT BERHAD,MAIN,S,Plantation
5270,RSENA,RED SENA BERHAD,MAIN,NS,Special Purpose Acquisition Company
7803,RUBEREX,RUBBEREX CORPORATION (M) BERHAD,MAIN,S,"Industrial Materials, Components & Equipment "
2542,RVIEW,RIVERVIEW RUBBER ESTATES BERHAD,MAIN,S,Plantation
8745,S&FCAP,S & F CAPITAL BERHAD,MAIN,S,Wood & Wood Products
5134,SAB,SOUTHERN ACIDS (M) BERHAD,MAIN,S,Chemicals
8567,SALCON,SALCON BERHAD,MAIN,S,"Gas, Water & Multi-utilities "
0183,SALUTE,SALUTICA BERHAD,MAIN,S,Personal Goods
9822,SAM,SAM ENGINEERING & EQUIPMENT (M) BERHAD,MAIN,S,"Industrial Materials, Components & Equipment "
0223,SAMAIDEN,SAMAIDEN GROUP BERHAD,ACE,S,Industrial Services
5147,SAMCHEM,SAMCHEM HOLDINGS BERHAD,MAIN,NS,Chemicals
0133,SANICHI,SANICHI TECHNOLOGY BERHAD,ACE,S,"Industrial Materials, Components & Equipment "
7811,SAPIND,SAPURA INDUSTRIAL BERHAD,MAIN,S,Auto Parts
5218,SAPNRG,SAPURA ENERGY BERHAD,MAIN,S,"Energy Infrastructure, Equipment & Services "
4596,SAPRES,SAPURA RESOURCES BERHAD,MAIN,S,Property
5252,SASBADI,SASBADI HOLDINGS BERHAD,MAIN,S,Media
5157,SAUDEE,SAUDEE GROUP BERHAD,MAIN,S,Food & Beverages
2569,SBAGAN,SUNGEI BAGAN RUBBER COMPANY (MALAYA) BERHAD,MAIN,NS,Plantation
5207,SBCCORP,SBC CORPORATION BERHAD,MAIN,S,Property
5170,SCABLE,SARAWAK CABLE BERHAD,MAIN,S,"Industrial Materials, Components & Equipment "
0109,SCBUILD,SC ESTATE BUILDER BERHAD,ACE,S,Construction
0158,SCC,SCC HOLDINGS BERHAD,ACE,NS,Consumer Services
0225,SCGBHD,SOUTHERN CABLE GROUP BERHAD,ACE,NS,"Industrial Materials, Components & Equipment "
7247,SCGM,SCGM BHD,MAIN,S,Packaging Materials
9237,SCIB,SARAWAK CONSOLIDATED INDUSTRIES BERHAD,MAIN,S,Building Materials
0099,SCICOM,SCICOM (MSC) BERHAD,MAIN,NS,Industrial Services
4731,SCIENTX,SCIENTEX BERHAD,MAIN,S,Packaging Materials
7239,SCNWOLF,SCANWOLF CORPORATION BERHAD,MAIN,S,Building Materials
7158,SCOMI,SCOMI GROUP BERHAD,MAIN,S,"Energy Infrastructure, Equipment & Services "
7045,SCOMIES,SCOMI ENERGY SERVICES BHD,MAIN,S,"Energy Infrastructure, Equipment & Services "
0001,SCOMNET,SUPERCOMNET TECHNOLOGIES BERHAD,ACE,S,Health Care Equipment & Services
0028,SCOPE,SCOPE INDUSTRIES BERHAD,ACE,S,"Industrial Materials, Components & Equipment "
2224,SDRED,SELANGOR DREDGING BERHAD,MAIN,S,Property
0212,SDS,SDS GROUP BERHAD,ACE,S,Food & Beverages
7073,SEACERA,SEACERA GROUP BERHAD,MAIN,S,Building Materials
4286,SEAL,SEAL INCORPORATED BERHAD,MAIN,S,Property
5145,SEALINK,SEALINK INTERNATIONAL BERHAD,MAIN,S,Transportation Equipment
5163,SEB,SEREMBAN ENGINEERING BERHAD,MAIN,NS,Industrial Engineering
0178,SEDANIA,SEDANIA INNOVATOR BERHAD,ACE,S,Telecommunications Equipment
7053,SEEHUP,SEE HUP CONSOLIDATED BERHAD,MAIN,S,Transportation & Logistics Services
03009,SEERS,SEERS BERHAD,LEAP,S,Household Goods
9792,SEG,SEG INTERNATIONAL BHD,MAIN,S,Consumer Services
5250,SEM,7-ELEVEN MALAYSIA HOLDINGS BERHAD,MAIN,NS,Retailers
5205,SENDAI,EVERSENDAI CORPORATION BERHAD,MAIN,S,Construction
5123,SENTRAL,SENTRAL REIT,MAIN,NS,Real Estate Investment Trusts
5279,SERBADK,SERBA DINAMIK HOLDINGS BERHAD,MAIN,S,"Energy Infrastructure, Equipment & Services "
7180,SERNKOU,SERN KOU RESOURCES BERHAD,MAIN,S,Household Goods
0055,SERSOL,SERSOL BERHAD,ACE,S,Chemicals
03033,SGBHD,SUPERGENICS BERHAD,LEAP,NS,Industrial Services
5517,SHANG,SHANGRI-LA HOTELS (MALAYSIA) BERHAD,MAIN,NS,"Travel, Leisure & Hospitality "
4316,SHCHAN,SIN HENG CHAN (MALAYA) BERHAD,MAIN,S,Plantation
7412,SHH,SHH RESOURCES HOLDINGS BERHAD,MAIN,S,Household Goods
6017,SHL,SHL CONSOLIDATED BHD,MAIN,NS,Property
7246,SIGN,SIGNATURE INTERNATIONAL BERHAD,MAIN,S,Household Goods
4197,SIME,SIME DARBY BERHAD,MAIN,S,Automotive
5285,SIMEPLT,SIME DARBY PLANTATION BERHAD,MAIN,S,Plantation
5288,SIMEPROP,SIME DARBY PROPERTY BERHAD,MAIN,S,Property
9431,SJC,SENI JAYA CORPORATION BERHAD,MAIN,S,Media
7115,SKBSHUT,SKB SHUTTERS CORPORATION BERHAD,MAIN,S,Building Materials
7155,SKPRES,SKP RESOURCES BHD,MAIN,S,"Industrial Materials, Components & Equipment "
03008,SLIC,SL INNOVATION CAPITAL BERHAD,LEAP,S,Digital Services
7248,SLP,SLP RESOURCES BERHAD,MAIN,S,Packaging Materials
0215,SLVEST,SOLARVEST HOLDINGS BERHAD,ACE,S,Industrial Services
9776,SMCAP,SINMAH CAPITAL BERHAD,MAIN,S,Agricultural Products
0203,SMETRIC,SECUREMETRIC BERHAD,ACE,S,Software
4375,SMI,SOUTH MALAYSIA INDUSTRIES BERHAD,MAIN,S,Property
03023,SMILE,SMILE-LINK HEALTHCARE GLOBAL BERHAD,LEAP,S,Health Care Providers
7132,SMISCOR,SMIS CORPORATION BERHAD,MAIN,S,Auto Parts
0117,SMRT,SMRT HOLDINGS BERHAD,ACE,S,Digital Services
0169,SMTRACK,SMTRACK BERHAD,ACE,S,Technology Equipment
7943,SNC,SAND NISKO CAPITAL BERHAD,MAIN,S,Household Goods
5213,SNTORIA,SENTORIA GROUP BERHAD,MAIN,NS,Property
5242,SOLID,SOLID AUTOMOTIVE BERHAD,MAIN,S,Automotive
0093,SOLUTN,SOLUTION GROUP BERHAD,ACE,S,Digital Services
5126,SOP,SARAWAK OIL PALMS BERHAD,MAIN,S,Plantation
0216,SPRING,SPRING ART HOLDINGS BERHAD,ACE,S,Household Goods
7103,SPRITZER,SPRITZER BHD,MAIN,S,Food & Beverages
8664,SPSETIA,S P SETIA BERHAD,MAIN,S,Property
0129,SRIDGE,SILVER RIDGE HOLDINGS BHD,ACE,S,Telecommunications Equipment
5665,SSTEEL,SOUTHERN STEEL BERHAD,MAIN,NS,Metals
6084,STAR,STAR MEDIA GROUP BERHAD,MAIN,S,Media
5006,STELLA,STELLA HOLDINGS BERHAD,MAIN,S,Construction
0080,STRAITS,STRAITS INTER LOGISTICS BERHAD,ACE,S,Transportation & Logistics Services
6904,SUBUR,SUBUR TIASA HOLDINGS BERHAD,MAIN,NS,Wood & Wood Products
7207,SUCCESS,SUCCESS TRANSFORMER CORPORATION BERHAD,MAIN,S,"Industrial Materials, Components & Equipment "
1201,SUMATEC,SUMATEC RESOURCES BERHAD,MAIN,S,Oil & Gas Producers
5263,SUNCON,SUNWAY CONSTRUCTION GROUP BERHAD,MAIN,S,Construction
5176,SUNREIT,SUNWAY REAL ESTATE INVESTMENT TRUST,MAIN,NS,Real Estate Investment Trusts
3743,SUNSURIA,SUNSURIA BERHAD,MAIN,S,Property
5211,SUNWAY,SUNWAY BERHAD,MAIN,S,Diversified Industrials
0148,SUNZEN,SUNZEN BIOTECH BERHAD,ACE,S,Agricultural Products
7235,SUPERLN,SUPERLON HOLDINGS BERHAD,MAIN,S,Building Materials
7106,SUPERMX,SUPERMAX CORPORATION BERHAD,MAIN,S,Health Care Equipment & Services
03018,SUPREME,SUPREME CONSOLIDATED RESOURCES BERHAD,LEAP,S,Consumer Services
6521,SURIA,SURIA CAPITAL HOLDINGS BERHAD,MAIN,S,Transportation & Logistics Services
5135,SWKPLNT,SARAWAK PLANTATION BERHAD,MAIN,S,Plantation
7186,SWSCAP,SWS CAPITAL BERHAD,MAIN,S,Household Goods
9717,SYCAL,SYCAL VENTURES BERHAD,MAIN,NS,Construction
7082,SYF,SYF RESOURCES BERHAD,MAIN,S,Household Goods
1538,SYMLIFE,SYMPHONY LIFE BERHAD,MAIN,S,Property
5173,SYSCORP,SHIN YANG SHIPPING CORPORATION BERHAD,MAIN,S,Transportation & Logistics Services
0050,SYSTECH,SYSTECH BHD,ACE,S,Software
7228,T7GLOBAL,T7 GLOBAL BERHAD,MAIN,S,"Energy Infrastructure, Equipment & Services "
5012,TAANN,TA ANN HOLDINGS BERHAD,MAIN,S,Plantation
7211,TAFI,TAFI INDUSTRIES BERHAD,MAIN,S,Household Goods
6139,TAKAFUL,SYARIKAT TAKAFUL MALAYSIA KELUARGA BERHAD,MAIN,S,Insurance
2259,TALAMT,TALAM TRANSFORM BERHAD,MAIN,S,Property
8524,TALIWRK,TALIWORKS CORPORATION BERHAD,MAIN,S,"Gas, Water & Multi-utilities "
5191,TAMBUN,TAMBUN INDAH LAND BERHAD,MAIN,S,Property
2429,TANCO,TANCO HOLDINGS BERHAD,MAIN,NS,Property
5149,TAS,TAS OFFSHORE BERHAD,MAIN,NS,Transportation Equipment
5140,TASCO,TASCO BERHAD,MAIN,NS,Transportation & Logistics Services
0211,TASHIN,TASHIN HOLDINGS BERHAD,ACE,S,Metals
7097,TAWIN,TA WIN HOLDINGS BERHAD,MAIN,NS,Metals
4405,TCHONG,TAN CHONG MOTOR HOLDINGS BERHAD,MAIN,NS,Automotive
0221,TCS,TCS GROUP HOLDINGS BERHAD,ACE,S,Construction
0132,TDEX,TECHNODEX BHD,ACE,S,Software
2054,TDM,TDM BERHAD,MAIN,S,Plantation
0084,TECFAST,TECHFAST HOLDINGS BERHAD,ACE,S,"Industrial Materials, Components & Equipment "
7439,TECGUAN,TECK GUAN PERDANA BERHAD,MAIN,NS,Agricultural Products
5289,TECHBND,TECHBOND GROUP BERHAD,MAIN,NS,Chemicals
2739,TECHNAX,TECHNA-X BERHAD,MAIN,S,Other Energy Resources
7200,TEKSENG,TEK SENG HOLDINGS BERHAD,MAIN,S,Household Goods
0230,TELADAN,TELADAN SETIA GROUP BERHAD,ACE,S,Property
5347,TENAGA,TENAGA NASIONAL BHD,MAIN,S,Electricity
7252,TEOSENG,TEO SENG CAPITAL BERHAD,MAIN,S,Agricultural Products
8702,TEXCHEM,TEXCHEM RESOURCES BERHAD,MAIN,NS,Diversified Industrials
0089,TEXCYCL,TEX CYCLE TECHNOLOGY (M) BERHAD,ACE,S,Industrial Services
0145,TFP,TFP SOLUTIONS BERHAD,ACE,S,Digital Services
9369,TGL,TEO GUAN LEE CORPORATION BERHAD,MAIN,S,Personal Goods
7034,TGUAN,THONG GUAN INDUSTRIES BERHAD,MAIN,S,Packaging Materials
9075,THETA,THETA EDGE BERHAD,MAIN,S,Digital Services
7206,THHEAVY,TH HEAVY ENGINEERING BERHAD,MAIN,S,"Energy Infrastructure, Equipment & Services "
5112,THPLANT,TH PLANTATIONS BERHAD,MAIN,S,Plantation
7889,THRIVEN,THRIVEN GLOBAL BERHAD,MAIN,S,Property
7374,TIENWAH,TIEN WAH PRESS HOLDINGS BERHAD,MAIN,NS,Industrial Services
7079,TIGER,TIGER SYNERGY BERHAD,MAIN,S,Property
5031,TIMECOM,TIME DOTCOM BERHAD,MAIN,S,Telecommunications Service Providers
7854,TIMWELL,TIMBERWELL BERHAD,MAIN,S,Wood & Wood Products
5239,TITIJYA,TITIJAYA LAND BERHAD,MAIN,S,Property
4863,TM,TELEKOM MALAYSIA BERHAD,MAIN,S,Telecommunications Service Providers
0101,TMCLIFE,TMC LIFE SCIENCES BERHAD,MAIN,S,Health Care Providers
8397,TNLOGIS,TIONG NAM LOGISTICS HOLDINGS BERHAD,MAIN,NS,Transportation & Logistics Services
7218,TOCEAN,TRANSOCEAN HOLDINGS BHD,MAIN,S,Transportation & Logistics Services
7230,TOMEI,TOMEI CONSOLIDATED BERHAD,MAIN,NS,Retailers
7285,TOMYPAK,TOMYPAK HOLDINGS BERHAD,MAIN,S,Packaging Materials
5010,TONGHER,TONG HERR RESOURCES BERHAD,MAIN,S,Metals
5268,TOPBLDS,TOP BUILDERS CAPITAL BERHAD,MAIN,S,Construction
7113,TOPGLOV,TOP GLOVE CORPORATION BHD,MAIN,S,Health Care Equipment & Services
03013,TOPVISN,TOPVISION EYE SPECIALIST BERHAD,LEAP,NS,Health Care Providers
7173,TOYOVEN,TOYO VENTURES HOLDINGS BERHAD,MAIN,S,Chemicals
7176,TPC,TPC PLUS BERHAD,MAIN,S,Agricultural Products
5054,TRC,TRC SYNERGY BERHAD,MAIN,S,Construction
0199,TRIMODE,TRI-MODE SYSTEM (M) BERHAD,ACE,S,Transportation & Logistics Services
0118,TRIVE,TRIVE PROPERTY GROUP BERHAD,MAIN,S,Technology Equipment
5401,TROP,TROPICANA CORPORATION BERHAD,MAIN,S,Property
9059,TSH,TSH RESOURCES BERHAD,MAIN,S,Plantation
5042,TSRCAP,TSR CAPITAL BERHAD,MAIN,S,Construction
03020,TTV,TT VISION HOLDINGS BERHAD,LEAP,S,Semiconductors
5230,TUNEPRO,TUNE PROTECT GROUP BERHAD,MAIN,NS,Insurance
5167,TURBO,TURBO-MECH BERHAD,MAIN,NS,"Industrial Materials, Components & Equipment "
4359,TURIYA,TURIYA BERHAD,MAIN,NS,Semiconductors
5111,TWRREIT,TOWER REAL ESTATE INVESTMENT TRUST,MAIN,NS,Real Estate Investment Trusts
7100,UCHITEC,UCHI TECHNOLOGIES BERHAD,MAIN,S,"Industrial Materials, Components & Equipment "
0005,UCREST,UCREST BERHAD,ACE,S,Technology Equipment
5148,UEMS,UEM SUNRISE BERHAD,MAIN,S,Property
7133,ULICORP,UNITED U-LI CORPORATION BERHAD,MAIN,S,"Industrial Materials, Components & Equipment "
2593,UMCCA,UNITED MALACCA BERHAD,MAIN,S,Plantation
7137,UMS,UMS HOLDINGS BERHAD,MAIN,S,"Industrial Materials, Components & Equipment "
7227,UMSNGB,UMS-NEIKEN GROUP BERHAD,MAIN,S,"Industrial Materials, Components & Equipment "
4588,UMW,UMW HOLDINGS BERHAD,MAIN,S,Automotive
7091,UNIMECH,UNIMECH GROUP BERHAD,MAIN,S,"Industrial Materials, Components & Equipment "
5005,UNISEM,UNISEM (M) BERHAD,MAIN,S,Semiconductors
03017,UNIWALL,UNI WALL APS HOLDINGS BERHAD,LEAP,S,Construction
5200,UOADEV,UOA DEVELOPMENT BHD,MAIN,S,Property
5110,UOAREIT,UOA REAL ESTATE INVESTMENT TRUST,MAIN,NS,Real Estate Investment Trusts
7757,UPA,UPA CORPORATION BHD,MAIN,S,Consumer Services
03043,UTAMA,UCI RESOURCES BERHAD,LEAP,NS,Building Materials
2089,UTDPLT,UNITED PLANTATIONS BERHAD,MAIN,S,Plantation
5292,UWC,UWC BERHAD,MAIN,S,Semiconductors
7250,UZMA,UZMA BERHAD,MAIN,S,"Energy Infrastructure, Equipment & Services "
0060,VC,VORTEX CONSOLIDATED BERHAD,ACE,S,Technology Equipment
5243,VELESTO,VELESTO ENERGY BERHAD,MAIN,S,"Energy Infrastructure, Equipment & Services "
4995,VERSATL,VERSATILE CREATIVE BERHAD,MAIN,S,Packaging Materials
7240,VERTICE,VERTICE BERHAD,MAIN,S,Construction
0120,VIS,VISDYNAMICS HOLDINGS BERHAD,ACE,S,Semiconductors
0097,VITROX,VITROX CORPORATION BERHAD,MAIN,S,Semiconductors
0069,VIVOCOM,VIVOCOM INTL HOLDINGS BERHAD,ACE,S,Software
7070,VIZIONE,VIZIONE HOLDINGS BERHAD,MAIN,S,Construction
0232,VOLCANO,VOLCANO BERHAD,ACE,NS,Industrial Services
6963,VS,V.S. INDUSTRY BERHAD,MAIN,S,"Industrial Materials, Components & Equipment "
0066,VSOLAR,VSOLAR GROUP BERHAD,ACE,S,Software
5162,VSTECS,VSTECS BERHAD,MAIN,S,Technology Equipment
7203,WANGZNG,WANG-ZHENG BERHAD,MAIN,NS,Household Goods
5016,WARISAN,WARISAN TC HOLDINGS BERHAD,MAIN,S,"Travel, Leisure & Hospitality "
5142,WASEONG,WAH SEONG CORPORATION BERHAD,MAIN,S,"Energy Infrastructure, Equipment & Services "
7226,WATTA,WATTA HOLDING BERHAD,MAIN,S,Auto Parts
3565,WCEHB,WCE HOLDINGS BERHAD,MAIN,NS,Construction
9679,WCT,WCT HOLDINGS BERHAD,MAIN,S,Construction
0197,WEGMANS,WEGMANS HOLDINGS BERHAD,MAIN,S,Household Goods
7231,WELLCAL,WELLCALL HOLDINGS BERHAD,MAIN,S,"Industrial Materials, Components & Equipment "
0162,WIDAD,WIDAD GROUP BERHAD,ACE,S,Construction
7692,WIDETEC,WIDETECH (MALAYSIA) BERHAD,MAIN,NS,Metals
0008,WILLOW,WILLOWGLEN MSC BERHAD,MAIN,NS,Software
6378,WMG,WMG HOLDINGS BERHAD,MAIN,NS,Property
7050,WONG,WONG ENGINEERING CORPORATION BERHAD,MAIN,S,"Industrial Materials, Components & Equipment "
7025,WOODLAN,WOODLANDOR HOLDINGS BHD,MAIN,S,Wood & Wood Products
5246,WPRTS,WESTPORTS HOLDINGS BERHAD,MAIN,S,Transportation & Logistics Services
5009,WTHORSE,WHITE HORSE BERHAD,MAIN,S,Building Materials
4243,WTK,WTK HOLDINGS BERHAD,MAIN,S,Wood & Wood Products
7245,WZSATU,WZ SATU BERHAD,MAIN,S,Metals
5156,XDL,XIDELANG HOLDINGS LTD,MAIN,NS,Personal Goods
5267,XINHWA,XIN HWA HOLDINGS BERHAD,MAIN,S,Transportation & Logistics Services
7121,XL,XL HOLDINGS BERHAD,MAIN,S,Consumer Services
0165,XOX,XOX BHD,ACE,S,Telecommunications Service Providers
7003,Y&G,Y&G CORPORATION BHD,MAIN,S,Property
5048,YB,YB VENTURES BERHAD,MAIN,NS,Building Materials
0025,YBS,YBS INTERNATIONAL BERHAD,ACE,S,"Industrial Materials, Components & Equipment "
0086,YGL,YGL CONVERGENCE BERHAD,ACE,S,Software
7293,YINSON,YINSON HOLDINGS BERHAD,MAIN,S,"Energy Infrastructure, Equipment & Services "
7020,YKGI,YKGI HOLDINGS BERHAD,MAIN,S,Metals
7014,YLI,YLI HOLDINGS BERHAD,MAIN,S,Metals
3158,YNHPROP,YNH PROPERTY BERHAD,MAIN,S,Property
5159,YOCB,YOONG ONN CORPORATION BERHAD,MAIN,S,Household Goods
7066,YONGTAI,YONG TAI BERHAD,MAIN,S,Property
7178,YSPSAH,Y.S.P.SOUTHEAST ASIA HOLDING BERHAD,MAIN,S,Pharmaceuticals
4677,YTL,YTL CORPORATION BERHAD,MAIN,NS,"Gas, Water & Multi-utilities "
6742,YTLPOWR,YTL POWER INTERNATIONAL BHD,MAIN,NS,"Gas, Water & Multi-utilities "
5109,YTLREIT,YTL HOSPITALITY REIT,MAIN,NS,Real Estate Investment Trusts
7028,ZECON,ZECON BERHAD,MAIN,S,Construction
2283,ZELAN,ZELAN BERHAD,MAIN,S,Construction
5131,ZHULIAN,ZHULIAN CORPORATION BERHAD,MAIN,S,Consumer Services
